angle_elbow_L_mean,angle_elbow_L_std,angle_elbow_L_min,angle_elbow_L_max,angle_elbow_L_p10,angle_elbow_L_p90,angle_elbow_L_range,angle_elbow_R_mean,angle_elbow_R_std,angle_elbow_R_min,angle_elbow_R_max,angle_elbow_R_p10,angle_elbow_R_p90,angle_elbow_R_range,angle_shoulder_L_mean,angle_shoulder_L_std,angle_shoulder_L_min,angle_shoulder_L_max,angle_shoulder_L_p10,angle_shoulder_L_p90,angle_shoulder_L_range,angle_shoulder_R_mean,angle_shoulder_R_std,angle_shoulder_R_min,angle_shoulder_R_max,angle_shoulder_R_p10,angle_shoulder_R_p90,angle_shoulder_R_range,angle_hip_L_mean,angle_hip_L_std,angle_hip_L_min,angle_hip_L_max,angle_hip_L_p10,angle_hip_L_p90,angle_hip_L_range,angle_hip_R_mean,angle_hip_R_std,angle_hip_R_min,angle_hip_R_max,angle_hip_R_p10,angle_hip_R_p90,angle_hip_R_range,angle_knee_L_mean,angle_knee_L_std,angle_knee_L_min,angle_knee_L_max,angle_knee_L_p10,angle_knee_L_p90,angle_knee_L_range,angle_knee_R_mean,angle_knee_R_std,angle_knee_R_min,angle_knee_R_max,angle_knee_R_p10,angle_knee_R_p90,angle_knee_R_range,video,label,start,end
73.72791290283203,50.270992279052734,5.228434085845947,133.32666015625,12.695086574554447,129.73723907470702,128.0982208251953,105.6072998046875,29.28834342956543,58.23032760620117,139.88885498046875,62.67614555358887,136.73697052001953,81.65852355957031,172.9423065185547,2.356673240661621,168.09024047851562,179.30960083007812,169.19660034179688,174.64090270996093,11.2193603515625,176.58169555664062,2.2316393852233887,172.1028594970703,179.65965270996094,173.30649108886718,179.3203552246094,7.556793212890625,164.2404022216797,1.760118842124939,157.39279174804688,165.79580688476562,162.55300903320312,165.43775482177733,8.40301513671875,166.5349884033203,1.932520866394043,163.7041473388672,169.50787353515625,164.2579818725586,169.00234832763672,5.8037261962890625,27.78687286376953,7.605784893035889,14.055145263671875,37.88673400878906,17.574996948242188,36.59294166564941,23.831588745117188,10.340163230895996,6.879610061645508,1.808185338973999,25.615591049194336,2.8378058433532716,18.52107734680176,23.807405471801758,bicep_curl_01.mp4,bicep_curl,0,30
90.0953369140625,45.30834197998047,12.504905700683594,133.32666015625,14.939387607574464,131.18662872314454,120.8217544555664,115.76858520507812,21.470144271850586,70.83631896972656,139.88885498046875,81.96559982299804,136.73697052001953,69.05253601074219,173.99801635742188,1.8677754402160645,170.41964721679688,177.12335205078125,171.56666564941406,176.4408432006836,6.703704833984375,175.46810913085938,3.682767868041992,167.79635620117188,179.65965270996094,169.14225006103516,179.3203552246094,11.863296508789062,164.06797790527344,1.2204645872116089,162.08285522460938,165.79580688476562,162.7034713745117,165.43775482177733,3.71295166015625,166.6872100830078,1.9066271781921387,163.8146209716797,169.50787353515625,163.9223190307617,169.00234832763672,5.6932525634765625,31.02667999267578,5.597079277038574,20.01163101196289,37.88673400878906,24.305719947814943,36.72544364929199,17.875102996826172,14.949549674987793,10.644854545593262,1.808185338973999,46.53031539916992,3.318202567100525,26.411045646667493,44.722129821777344,bicep_curl_01.mp4,bicep_curl,15,45
72.71952056884766,45.897911071777344,12.504905700683594,132.33413696289062,13.528737831115723,129.41708984375,119.82923126220703,104.6355209350586,16.305377960205078,70.83631896972656,127.42598724365234,81.96559982299804,123.16415023803711,56.58966827392578,173.75851440429688,2.2287700176239014,169.6708221435547,177.12335205078125,170.60558624267577,176.4408432006836,7.4525299072265625,173.31951904296875,2.6034133434295654,167.79635620117188,176.4832000732422,169.14225006103516,176.09522705078126,8.686843872070312,164.32672119140625,1.4893641471862793,162.08285522460938,166.22630310058594,162.7034713745117,166.14703979492188,4.1434478759765625,166.97616577148438,2.0357658863067627,163.8146209716797,169.418701171875,163.9223190307617,169.16769409179688,5.6040802001953125,27.854148864746094,5.772216796875,16.628019332885742,36.712215423583984,21.616069793701172,36.050978088378905,20.084196090698242,18.58438491821289,11.391458511352539,4.824260711669922,46.53031539916992,5.657658100128174,33.61669158935547,41.7060546875,bicep_curl_01.mp4,bicep_curl,30,60
100.37319946289062,35.75475311279297,13.40375804901123,130.83795166015625,39.01989154815674,127.00584182739257,117.43419647216797,121.12120056152344,16.057781219482422,86.02037048339844,147.41053771972656,107.88302841186524,141.54740295410156,61.390167236328125,173.26699829101562,1.8741129636764526,169.6708221435547,176.53134155273438,170.94345703125,176.18089141845704,6.8605194091796875,174.46266174316406,1.7286406755447388,169.4550018310547,176.8895721435547,172.1757369995117,176.10643615722657,7.4345703125,164.68759155273438,1.6719127893447876,160.9825897216797,166.22630310058594,161.6213409423828,166.14703979492188,5.24371337890625,168.3673553466797,1.6903995275497437,164.81076049804688,171.0694580078125,165.3002166748047,170.2963394165039,6.258697509765625,30.55672264099121,7.019712924957275,16.628019332885742,38.73157501220703,21.02616653442383,38.09725761413574,22.10355567932129,14.919597625732422,9.158540725708008,4.628338813781738,35.42804718017578,4.9577656269073485,29.37005367279053,30.79970932006836,bicep_curl_01.mp4,bicep_curl,45,75
69.92556762695312,47.09718322753906,7.60003137588501,127.1246109008789,11.579469776153566,126.79636917114257,119.52458190917969,107.76165008544922,28.06026268005371,68.01508331298828,147.41053771972656,70.37562484741211,141.54740295410156,79.39545440673828,173.93409729003906,2.157270669937134,170.54942321777344,177.7289276123047,171.18303527832032,176.77003631591796,7.17950439453125,173.22702026367188,2.6631088256835938,168.11932373046875,176.8895721435547,168.89690704345702,175.86949310302734,8.770248413085938,163.16600036621094,1.5563621520996094,160.9825897216797,165.74468994140625,161.37758178710936,165.22223358154298,4.7621002197265625,166.72354125976562,2.011464834213257,164.81076049804688,171.0694580078125,165.28213958740236,170.2963394165039,6.258697509765625,28.34113311767578,7.127223968505859,18.28777503967285,38.73157501220703,21.088260650634766,38.09725761413574,20.44379997253418,17.30964469909668,6.5795464515686035,4.628338813781738,33.60139083862305,8.619072914123537,24.134418869018557,28.973052978515625,bicep_curl_01.mp4,bicep_curl,60,90
71.42520904541016,47.45927429199219,7.60003137588501,130.5167999267578,11.579469776153566,127.72832260131837,122.9167709350586,105.24766540527344,24.821496963500977,68.01508331298828,138.28775024414062,70.37562484741211,131.74488677978516,70.27266693115234,173.2085723876953,2.2374322414398193,170.4461212158203,177.7289276123047,170.7904083251953,176.77003631591796,7.282806396484375,174.97085571289062,3.9712178707122803,168.11932373046875,179.72445678710938,168.89690704345702,179.58779907226562,11.605133056640625,163.68789672851562,1.4036378860473633,161.38101196289062,165.97032165527344,161.58790283203126,165.56283111572264,4.5893096923828125,166.25755310058594,1.4186551570892334,163.6450653076172,168.63710021972656,165.01665954589845,168.15412139892578,4.992034912109375,25.786561965942383,6.207551002502441,14.389572143554688,35.25277328491211,18.270776176452635,34.58939208984375,20.863201141357422,18.96234703063965,8.093949317932129,8.126176834106445,35.05079650878906,8.54861135482788,28.303843498229988,26.924619674682617,bicep_curl_01.mp4,bicep_curl,75,105
109.9205093383789,24.538381576538086,38.697505950927734,130.5167999267578,77.21959457397462,129.61962280273437,91.81929016113281,124.64704132080078,9.506546974182129,102.56283569335938,140.76023864746094,112.68216171264649,138.42127380371093,38.19740295410156,174.0586700439453,2.447645902633667,170.4461212158203,178.87796020507812,171.2372299194336,177.702880859375,8.431838989257812,175.51028442382812,3.584933042526245,167.24008178710938,179.72445678710938,171.1094970703125,179.58779907226562,12.484375,162.371826171875,2.604983329772949,158.164306640625,165.97032165527344,158.70181274414062,165.56283111572264,7.8060150146484375,163.82106018066406,4.33361291885376,155.81825256347656,168.63710021972656,157.93921813964843,168.15412139892578,12.81884765625,28.112037658691406,8.281947135925293,12.337610244750977,35.25277328491211,14.54750747680664,34.58939208984375,22.915163040161133,16.654966354370117,12.316147804260254,1.4106982946395874,48.126014709472656,7.98632402420044,35.36445465087891,46.71531677246094,bicep_curl_01.mp4,bicep_curl,90,120
62.746212005615234,46.35722732543945,14.925548553466797,130.12535095214844,15.532073307037354,129.1495391845703,115.19979858398438,100.2356948852539,24.01675796508789,70.51883697509766,140.76023864746094,72.61645584106445,129.3656967163086,70.24140167236328,173.70933532714844,2.5754306316375732,168.74114990234375,178.87796020507812,171.5713150024414,177.702880859375,10.136810302734375,171.33384704589844,2.863950252532959,167.14102172851562,176.8318328857422,168.14969635009766,175.32331237792968,9.690811157226562,160.9289093017578,1.3942852020263672,158.164306640625,162.69473266601562,158.70181274414062,162.1667739868164,4.530426025390625,161.3512725830078,2.976450204849243,155.81825256347656,167.34963989257812,157.93921813964843,165.0787780761719,11.531387329101562,22.99116325378418,8.02428913116455,12.337610244750977,34.57150650024414,14.545077228546143,34.07597312927246,22.233896255493164,22.605974197387695,11.871569633483887,1.4106982946395874,48.126014709472656,8.574783515930177,35.8843002319336,46.71531677246094,bicep_curl_01.mp4,bicep_curl,105,135
64.27559661865234,44.11674880981445,14.925548553466797,122.5428466796875,15.532073307037354,118.86927871704101,107.61729431152344,96.75953674316406,19.508974075317383,70.51883697509766,120.81171417236328,72.61645584106445,118.57132263183594,50.292877197265625,173.57437133789062,2.6734209060668945,168.74114990234375,177.19683837890625,169.7494369506836,176.83696899414062,8.4556884765625,173.07655334472656,3.825288772583008,167.14102172851562,179.29806518554688,168.42882690429687,178.13260955810546,12.15704345703125,161.96824645996094,0.3403337299823761,160.92103576660156,162.422119140625,161.56708221435548,162.3023910522461,1.5010833740234375,163.44984436035156,1.8237566947937012,159.3415069580078,165.87396240234375,160.7231872558594,165.5806121826172,6.5324554443359375,21.74433708190918,8.818327903747559,1.150120496749878,34.30860137939453,13.880379199981691,34.051784896850585,33.15848159790039,19.018524169921875,10.528797149658203,2.9025895595550537,35.62840270996094,3.7218543529510497,32.26998023986817,32.72581481933594,bicep_curl_01.mp4,bicep_curl,120,150
98.18577575683594,26.385644912719727,66.07099151611328,150.0840301513672,66.56746673583984,144.97266998291016,84.0130386352539,118.23306274414062,38.49354934692383,65.91508483886719,176.43234252929688,71.2925811767578,165.5229263305664,110.51725769042969,155.86056518554688,3.5536587238311768,149.15225219726562,161.88897705078125,149.89903717041017,160.60339813232423,12.736724853515625,171.84678649902344,1.962920069694519,169.4788055419922,176.8209686279297,170.10458374023438,174.65892028808594,7.3421630859375,176.48800659179688,2.2360620498657227,172.28416442871094,179.716064453125,173.33487548828126,179.37492980957032,7.4319000244140625,175.92713928222656,2.1423182487487793,171.34628295898438,179.6822509765625,173.0470458984375,178.4152099609375,8.335968017578125,15.646215438842773,5.941038131713867,2.4923789501190186,25.17123794555664,8.945927381515503,22.98546371459961,22.67885971069336,33.840003967285156,12.702886581420898,15.168240547180176,51.78622817993164,16.117935752868654,50.465949630737306,36.61798858642578,bicep_curl_02.mp4,bicep_curl,0,30
92.5888442993164,16.949810028076172,66.07099151611328,115.88449096679688,66.56746673583984,113.56118927001953,49.813499450683594,114.06346130371094,39.9039421081543,22.76486587524414,176.43234252929688,68.39009170532226,159.75780181884767,153.66748046875,155.46783447265625,2.4383904933929443,149.67001342773438,158.94679260253906,151.6325225830078,157.75692138671874,9.276779174804688,172.19631958007812,2.337162494659424,168.91720581054688,176.64439392089844,169.85507507324218,175.6097671508789,7.7271881103515625,176.21554565429688,2.32314395904541,172.28416442871094,179.73756408691406,173.28815612792968,179.58656311035156,7.453399658203125,175.693603515625,2.234200954437256,171.15908813476562,179.6822509765625,172.81163482666017,178.4152099609375,8.523162841796875,18.252622604370117,8.636733055114746,1.5759462118148804,30.453388214111328,8.945927381515503,29.72164764404297,28.87744140625,33.30630874633789,13.097978591918945,15.585762977600098,53.8586540222168,17.80692539215088,50.465949630737306,38.272891998291016,bicep_curl_02.mp4,bicep_curl,15,45
91.94058990478516,18.16359519958496,64.45112609863281,116.74642181396484,66.82734375,114.2270278930664,52.29529571533203,109.6142349243164,40.19901657104492,22.76486587524414,172.778076171875,65.52355880737305,154.74156341552734,150.01321411132812,156.0844268798828,1.8635573387145996,151.36761474609375,158.94679260253906,153.24457244873048,158.27941436767577,7.5791778564453125,172.309814453125,2.4557886123657227,167.79489135742188,176.64439392089844,169.25315551757814,175.6097671508789,8.849502563476562,175.52809143066406,2.983642101287842,170.3967742919922,179.74131774902344,172.1915267944336,179.63392333984376,9.34454345703125,175.2151641845703,1.8424882888793945,171.15908813476562,178.48922729492188,172.81163482666017,177.41558074951172,7.33013916015625,18.038776397705078,9.08726978302002,1.5759462118148804,30.453388214111328,6.308353281021119,29.72164764404297,28.87744140625,34.56403350830078,13.133481979370117,15.585762977600098,53.8586540222168,17.80692539215088,53.381665039062504,38.272891998291016,bicep_curl_02.mp4,bicep_curl,30,60
95.9908676147461,24.088102340698242,64.45112609863281,137.408447265625,66.82734375,127.38186798095704,72.95732116699219,115.17345428466797,35.90333938598633,64.69100189208984,172.778076171875,67.45324935913087,154.06210021972657,108.08707427978516,157.2071075439453,2.595458984375,152.045654296875,164.04129028320312,154.12751312255858,160.76182403564454,11.995635986328125,172.3206329345703,2.5498294830322266,167.79489135742188,177.41798400878906,169.91819763183594,176.7695510864258,9.623092651367188,175.45648193359375,2.7894957065582275,170.3967742919922,179.74131774902344,172.1915267944336,178.91822509765626,9.34454345703125,175.47271728515625,2.329890251159668,169.8981475830078,178.48922729492188,171.1925064086914,177.89921112060546,8.591079711914062,16.57966423034668,8.757006645202637,1.5456035137176514,29.005414962768555,4.667885684967041,26.361107635498048,27.45981216430664,33.089698791503906,12.996430397033691,15.83515739440918,53.854793548583984,17.750062942504883,53.347625732421875,38.01963806152344,bicep_curl_02.mp4,bicep_curl,45,75
82.35018157958984,29.87116241455078,33.76335525512695,137.408447265625,51.758962631225586,127.38186798095704,103.64509582519531,103.1950912475586,34.460235595703125,53.62797927856445,155.94540405273438,63.234096145629884,150.07373962402343,102.31742858886719,156.11997985839844,4.299421310424805,148.00616455078125,164.04129028320312,150.1805419921875,160.76182403564454,16.035125732421875,171.65603637695312,3.2246694564819336,166.0921173095703,177.41798400878906,167.7254608154297,176.7695510864258,11.32586669921875,174.78372192382812,3.5429067611694336,168.0555419921875,179.3688201904297,169.6015823364258,178.80994110107423,11.313278198242188,175.6895294189453,2.4672343730926514,169.8981475830078,179.72589111328125,171.1925064086914,177.89921112060546,9.827743530273438,18.572275161743164,14.766644477844238,1.5456035137176514,63.326053619384766,4.099033284187317,29.84819850921632,61.78044891357422,33.12242126464844,12.88242244720459,15.83515739440918,53.53153610229492,17.750062942504883,49.54114379882813,37.696380615234375,bicep_curl_02.mp4,bicep_curl,60,90
60.17373275756836,24.39191246032715,33.76335525512695,178.49571228027344,41.012597274780276,73.24659042358398,144.73236083984375,105.33558654785156,31.12870216369629,53.62797927856445,157.43272399902344,63.234096145629884,137.71816558837892,103.80474853515625,155.77586364746094,4.368559837341309,148.00616455078125,162.57554626464844,150.1805419921875,161.79904022216797,14.569381713867188,169.56858825683594,2.3516170978546143,166.0921173095703,173.69432067871094,166.8814270019531,173.2159866333008,7.602203369140625,172.3725128173828,3.6246774196624756,166.1139678955078,178.61138916015625,167.16680908203125,176.6677261352539,12.497421264648438,176.54605102539062,2.5143752098083496,168.41964721679688,179.73092651367188,174.02030487060546,179.71697387695312,11.311279296875,37.90274429321289,24.27104377746582,1.8450415134429932,63.326053619384766,6.013460636138917,61.939374923706055,61.48101043701172,24.466367721557617,17.574195861816406,1.9911513328552246,53.53153610229492,3.937639093399048,47.1764331817627,51.54038619995117,bicep_curl_02.mp4,bicep_curl,75,105
79.66866302490234,44.36897277832031,34.240684509277344,178.49571228027344,48.51610069274903,152.55016326904297,144.25503540039062,127.56621551513672,14.731074333190918,100.01436614990234,157.43272399902344,103.60229797363282,145.74376373291017,57.418357849121094,157.41262817382812,3.1819770336151123,151.2097625732422,162.57554626464844,152.92064819335937,162.10700073242188,11.36578369140625,169.13792419433594,2.5219969749450684,165.3710174560547,174.71409606933594,166.6546615600586,173.2159866333008,9.34307861328125,173.35890197753906,3.5073752403259277,166.1139678955078,177.09181213378906,167.16680908203125,176.40939483642578,10.97784423828125,176.6096649169922,2.6523263454437256,168.41964721679688,179.73092651367188,173.68064880371094,179.42494201660156,11.311279296875,49.996952056884766,9.475960731506348,35.6640739440918,62.81727600097656,37.5075065612793,60.288368225097656,27.153202056884766,13.098726272583008,8.632351875305176,1.351905107498169,30.287216186523438,3.342204880714417,26.230580520629882,28.93531036376953,bicep_curl_02.mp4,bicep_curl,90,120
95.9019546508789,41.972389221191406,49.19376754760742,167.7318878173828,51.156128311157225,149.39810485839845,118.53811645507812,125.32013702392578,15.126218795776367,100.01436614990234,153.81564331054688,103.60229797363282,143.9046875,53.80127716064453,157.89923095703125,3.755255937576294,151.2097625732422,166.98675537109375,154.4828857421875,163.62383270263672,15.776992797851562,169.873046875,3.5037152767181396,165.3710174560547,177.49258422851562,166.47406005859375,175.82191314697266,12.121566772460938,175.25851440429688,2.5423765182495117,168.23565673828125,178.11778259277344,171.25709381103516,177.5434539794922,9.882125854492188,176.98065185546875,1.73932945728302,172.51344299316406,178.95526123046875,174.79595336914062,178.63702850341798,6.4418182373046875,41.182594299316406,6.895387172698975,26.513093948364258,50.27449035644531,30.00471019744873,48.33127708435059,23.761396408081055,13.892775535583496,11.931041717529297,0.27339765429496765,35.75239181518555,1.2791469216346742,30.473610687255864,35.4789924621582,bicep_curl_02.mp4,bicep_curl,105,135
120.53227233886719,40.799869537353516,51.71531677246094,165.40943908691406,52.30144500732422,161.82378234863282,113.69412231445312,134.83773803710938,14.436607360839844,106.12811279296875,157.85931396484375,112.8073013305664,152.1439682006836,51.731201171875,158.99398803710938,3.4024527072906494,154.52520751953125,166.98675537109375,154.9195556640625,163.88961791992188,12.4615478515625,171.81056213378906,2.9177839756011963,166.52272033691406,177.49258422851562,167.7884033203125,175.82191314697266,10.969863891601562,174.84703063964844,2.7172882556915283,170.91976928710938,179.40652465820312,171.22164916992188,177.92527465820314,8.48675537109375,174.69345092773438,3.60795259475708,167.09288024902344,178.95526123046875,169.20651245117188,178.56497192382812,11.862380981445312,36.80829620361328,7.6341447830200195,26.513093948364258,50.27449035644531,28.086579513549804,47.763531112670904,23.761396408081055,11.198278427124023,9.906978607177734,0.27339765429496765,35.75239181518555,1.769756102561951,29.544354438781742,35.4789924621582,bicep_curl_02.mp4,bicep_curl,120,150
103.77310180664062,47.289283752441406,51.58967208862305,165.40943908691406,52.741715621948245,161.82378234863282,113.81976318359375,123.18285369873047,30.690393447875977,1.8062361478805542,157.85931396484375,94.3439208984375,152.1439682006836,156.05308532714844,158.16685485839844,2.014153480529785,155.8052520751953,164.42835998535156,155.9939193725586,160.4820983886719,8.62310791015625,169.73504638671875,3.2173569202423096,163.23924255371094,173.88531494140625,164.58544158935547,173.30472717285156,10.646072387695312,175.27931213378906,2.6765072345733643,170.91976928710938,179.6922607421875,171.32583465576172,178.65284729003906,8.772491455078125,175.06863403320312,3.882408618927002,167.09288024902344,179.73165893554688,169.20651245117188,179.53864288330078,12.638778686523438,38.25589370727539,5.704564094543457,27.94263458251953,44.345054626464844,29.43739604949951,43.661614990234376,16.402420043945312,20.30624771118164,13.118990898132324,2.040088176727295,53.4057731628418,7.986031150817871,41.27568359375,51.365684509277344,bicep_curl_02.mp4,bicep_curl,135,165
100.79283905029297,45.68629837036133,51.58967208862305,170.15521240234375,52.741715621948245,163.05804443359375,118.56553649902344,121.21568298339844,28.44420623779297,1.8062361478805542,147.167236328125,94.3439208984375,142.32141571044923,145.3610076904297,159.83546447753906,3.4363861083984375,155.8052520751953,167.29827880859375,155.9939193725586,165.55506896972656,11.493026733398438,170.69850158691406,4.291333198547363,163.23924255371094,179.5616455078125,164.58544158935547,175.53717651367188,16.322402954101562,175.27542114257812,2.920318841934204,168.009033203125,179.6922607421875,170.88839263916014,178.0330383300781,11.6832275390625,175.7771453857422,2.9022483825683594,170.1703338623047,179.73165893554688,171.4703857421875,179.53864288330078,9.561325073242188,37.07208251953125,7.493897438049316,22.96805763244629,44.345054626464844,25.542008781433104,43.661614990234376,21.376996994018555,19.026763916015625,14.21789836883545,0.5496522188186646,53.4057731628418,3.6567553281784058,41.27568359375,52.85612106323242,bicep_curl_02.mp4,bicep_curl,150,180
119.09330749511719,58.278297424316406,30.954448699951172,179.5902557373047,38.120722961425784,179.1180206298828,148.63580322265625,117.65848541259766,56.399478912353516,43.30516052246094,179.41885375976562,44.51990852355957,178.88132934570314,136.1136932373047,103.42464447021484,59.008201599121094,0.6129363179206848,177.11221313476562,35.49043083190918,165.04581451416016,176.49928283691406,110.78085327148438,55.58098602294922,2.8449625968933105,171.2094268798828,25.1078239440918,153.76605682373048,168.36447143554688,103.37098693847656,63.95368576049805,12.015226364135742,179.1340789794922,18.05652875900269,169.0997344970703,167.1188507080078,104.40637969970703,50.144412994384766,5.908532619476318,163.4593048095703,14.29943723678589,143.38790283203127,157.55076599121094,141.77740478515625,33.48897933959961,79.11935424804688,178.98529052734375,86.88645401000977,171.1871368408203,99.86593627929688,137.2996368408203,39.487308502197266,69.65931701660156,176.89039611816406,75.67978591918946,175.90322875976562,107.2310791015625,shoulder_press_01.mp4,shoulder_press,0,30
175.82679748535156,8.055583000183105,139.0192413330078,179.5902557373047,174.8689178466797,179.1180206298828,40.571014404296875,172.87078857421875,10.816747665405273,123.75145721435547,179.41885375976562,173.72087707519532,178.88132934570314,55.667396545410156,159.40859985351562,8.623186111450195,137.84767150878906,177.11221313476562,143.18927307128905,165.79277954101562,39.26454162597656,152.24761962890625,7.077483177185059,133.08355712890625,162.358154296875,143.0381881713867,161.41845245361327,29.27459716796875,160.86325073242188,8.62063980102539,142.80471801757812,179.1340789794922,148.81415252685548,169.0997344970703,36.32936096191406,137.3286590576172,10.010541915893555,102.67463684082031,144.8271026611328,123.89566421508789,143.84054412841797,42.1524658203125,170.5025177001953,2.640857458114624,164.13800048828125,178.98529052734375,167.51737213134766,171.37210693359376,14.8472900390625,175.1127166748047,5.563482284545898,149.55599975585938,178.15963745117188,173.87093048095704,177.92074737548828,28.6036376953125,shoulder_press_01.mp4,shoulder_press,15,45
173.04244995117188,12.735064506530762,123.50382995605469,178.61041259765625,160.52852478027344,178.41707458496094,55.10658264160156,169.01345825195312,14.616472244262695,114.60324096679688,177.33450317382812,151.12101287841796,174.8593505859375,62.73126220703125,160.0048065185547,4.7283101081848145,152.8837890625,166.41453552246094,153.9336166381836,166.1425567626953,13.530746459960938,156.52569580078125,4.9420013427734375,149.44796752929688,163.6855010986328,150.49957733154298,163.10867462158203,14.237533569335938,161.10504150390625,7.090172290802002,148.6055908203125,176.3021240234375,150.47938232421876,168.0655548095703,27.696533203125,140.27008056640625,4.348959445953369,129.23777770996094,144.8271026611328,134.04962615966798,143.9208770751953,15.589324951171875,171.0209503173828,3.7496390342712402,155.3134765625,178.09207153320312,170.97291259765626,172.65413818359374,22.778594970703125,174.082763671875,9.131269454956055,140.4386444091797,178.40283203125,163.01259155273436,178.16029663085936,37.96418762207031,shoulder_press_01.mp4,shoulder_press,30,60
121.9933853149414,49.596065521240234,50.72732925415039,177.7350616455078,57.00137901306152,177.6851043701172,127.00773620605469,115.50908660888672,52.193763732910156,45.23555374145508,177.33450317382812,48.27370834350586,174.65484008789062,132.0989532470703,142.18258666992188,22.588624954223633,75.195556640625,166.41453552246094,113.99882354736329,163.6175277709961,91.21897888183594,138.24708557128906,22.418039321899414,84.74897003173828,163.6855010986328,100.58207092285157,163.10867462158203,78.93653106689453,148.5050811767578,25.998336791992188,57.10736083984375,176.3021240234375,125.9505126953125,168.0655548095703,119.19476318359375,131.45704650878906,17.62510108947754,74.88983917236328,157.9225311279297,111.16507034301758,145.92955322265627,83.0326919555664,145.88548278808594,27.53437614440918,102.48027038574219,178.09207153320312,106.5284408569336,172.65413818359374,75.61180114746094,140.93809509277344,32.28544998168945,90.96599578857422,178.40283203125,98.8332130432129,178.06556701660156,87.43683624267578,shoulder_press_01.mp4,shoulder_press,45,75
60.132080078125,21.655855178833008,42.205604553222656,116.68893432617188,42.681149291992185,96.43422698974611,74.48332977294922,58.4588508605957,18.210405349731445,44.66696548461914,111.34610748291016,45.56165542602539,89.96277160644532,66.67913818359375,92.29631805419922,37.614723205566406,26.855058670043945,148.98912048339844,49.69302520751953,145.44788055419923,122.13406372070312,95.15138244628906,27.80198860168457,46.10679626464844,145.50962829589844,65.79236221313477,129.56620025634766,99.40283203125,79.43207550048828,58.43826675415039,10.1168794631958,161.99176025390625,22.43648204803467,155.85830993652343,151.8748779296875,95.76553344726562,34.2877197265625,32.0826530456543,157.9225311279297,56.600965118408205,145.92955322265627,125.83987426757812,102.02240753173828,23.003843307495117,72.71271514892578,151.352783203125,73.84293594360352,136.1063415527344,78.64006805419922,93.2012939453125,21.145658493041992,67.2323226928711,137.4290008544922,68.47871780395508,123.76584396362306,70.1966781616211,shoulder_press_01.mp4,shoulder_press,60,90
69.13538360595703,35.9914436340332,42.205604553222656,171.56414794921875,42.681149291992185,126.64387817382814,129.35855102539062,70.28514099121094,32.027957916259766,44.66696548461914,165.28749084472656,45.607879638671875,119.81579666137698,120.62052917480469,68.58500671386719,36.845611572265625,1.4817372560501099,154.5743865966797,26.653696060180664,126.5030242919922,153.0926513671875,88.85716247558594,35.78083038330078,46.10679626464844,158.0113067626953,55.82642669677735,146.6220901489258,111.90451049804688,51.11111068725586,52.06700897216797,10.1168794631958,170.16307067871094,11.363834857940674,142.35111389160159,160.0461883544922,81.74735260009766,46.23723602294922,14.653903007507324,170.88352966308594,28.07934284210205,159.13823547363282,156.22962951660156,107.385498046875,32.54206466674805,72.71271514892578,177.93133544921875,73.84293594360352,160.24862213134767,105.21862030029297,97.8423843383789,29.588356018066406,67.2323226928711,168.19252014160156,68.47871780395508,141.6456512451172,100.96019744873047,shoulder_press_01.mp4,shoulder_press,75,105
135.57522583007812,48.96678161621094,50.84528732299805,179.5859832763672,62.50821952819824,179.4342071533203,128.74069213867188,134.66973876953125,49.71570587158203,53.029815673828125,179.5893096923828,61.6605583190918,179.44094696044922,126.55949401855469,116.30022430419922,51.37338638305664,1.4817372560501099,158.14492797851562,36.360043144226076,156.46143493652343,156.66319274902344,130.11680603027344,38.09990692138672,50.753231048583984,158.0113067626953,59.72861366271973,155.274072265625,107.25807189941406,120.6661148071289,62.53708267211914,11.191285133361816,170.3360595703125,12.637763118743896,169.34291229248046,159.144775390625,111.88569641113281,45.39228820800781,14.653903007507324,170.88352966308594,28.07934284210205,159.13823547363282,156.22962951660156,151.45851135253906,28.561662673950195,81.30438995361328,177.93133544921875,105.29355926513672,174.37789001464844,96.62694549560547,149.519287109375,34.211334228515625,74.79326629638672,179.63201904296875,98.54879989624024,179.36905822753906,104.83875274658203,shoulder_press_01.mp4,shoulder_press,90,120
178.28042602539062,1.9376769065856934,173.77735900878906,179.59361267089844,174.95891418457032,179.58721466064452,5.816253662109375,178.69869995117188,1.4814832210540771,172.88760375976562,179.5893096923828,176.80782470703124,179.51749267578126,6.7017059326171875,156.77403259277344,2.514631509780884,152.8690185546875,160.62652587890625,153.07894592285157,160.19552917480468,7.75750732421875,156.7440948486328,4.023537635803223,149.8792724609375,163.23028564453125,152.0038803100586,162.74310302734375,13.35101318359375,165.69056701660156,3.5929341316223145,159.41412353515625,170.517578125,160.35499877929686,170.24847106933595,11.10345458984375,130.45310974121094,4.556214332580566,123.17033386230469,139.62295532226562,125.8209213256836,138.4965072631836,16.452621459960938,173.38491821289062,2.9424800872802734,166.31253051757812,175.99200439453125,167.67487182617188,175.84913330078126,9.679473876953125,178.80787658691406,1.2383750677108765,172.788818359375,179.63201904296875,177.94140014648437,179.43372650146483,6.84320068359375,shoulder_press_01.mp4,shoulder_press,105,135
171.1457061767578,19.346858978271484,105.05455017089844,179.59361267089844,141.6887939453125,179.58721466064452,74.5390625,167.62782287597656,23.83856964111328,97.51178741455078,179.5215301513672,121.20484085083008,179.4564422607422,82.0097427368164,158.2449188232422,2.998802423477173,145.94146728515625,160.91180419921875,156.39673461914063,160.73489227294922,14.9703369140625,156.38189697265625,9.51504135131836,122.70570373535156,163.28790283203125,145.59524230957032,163.2470504760742,40.58219909667969,168.0880584716797,3.9013705253601074,161.95492553710938,175.97824096679688,162.54114379882813,171.1138473510742,14.0233154296875,134.3603057861328,7.523067474365234,120.74472045898438,153.0446319580078,125.39030838012695,140.09043426513674,32.29991149902344,172.37413024902344,9.356485366821289,139.8738555908203,179.37945556640625,158.29271240234374,176.45232238769532,39.50559997558594,171.14027404785156,15.672338485717773,126.95531463623047,179.4314422607422,140.4425476074219,179.3807174682617,52.47612762451172,shoulder_press_01.mp4,shoulder_press,120,150
113.95881652832031,53.164527893066406,45.785865783691406,179.31214904785156,51.37708930969238,179.27920684814453,133.52627563476562,106.38701629638672,54.58628463745117,45.46620178222656,179.21490478515625,46.28205184936523,179.06439208984375,133.7487030029297,135.68728637695312,28.79874610900879,69.25165557861328,160.91180419921875,83.73752059936524,160.73489227294922,91.66014862060547,128.09654235839844,28.33816146850586,75.67507934570312,163.28790283203125,82.14643783569336,163.2470504760742,87.61282348632812,142.3035125732422,40.26767349243164,45.8918342590332,175.97824096679688,65.58518676757812,171.1138473510742,130.08641052246094,116.0649642944336,28.774112701416016,53.7099494934082,153.0446319580078,57.37327270507812,142.30297088623047,99.33468627929688,140.1888885498047,31.59002113342285,91.96833038330078,179.37945556640625,100.84294204711914,176.45232238769532,87.41112518310547,132.18980407714844,34.741607666015625,82.12938690185547,178.93357849121094,89.9341064453125,178.86338500976564,96.80419158935547,shoulder_press_01.mp4,shoulder_press,135,165
105.86299896240234,67.13848876953125,20.123937606811523,179.48036193847656,23.63240451812744,176.0049819946289,159.35643005371094,109.24855041503906,45.021949768066406,50.37506103515625,167.255615234375,56.06174354553223,161.6990203857422,116.88055419921875,143.270751953125,2.1679799556732178,140.18679809570312,146.80508422851562,140.5132034301758,146.2741912841797,6.6182861328125,125.19963073730469,1.7918497323989868,121.35737609863281,128.63925170898438,123.02765655517578,127.26435470581055,7.2818756103515625,95.31717681884766,1.8588776588439941,92.11881256103516,98.87505340576172,93.09370880126953,97.3495086669922,6.7562408447265625,69.77552795410156,4.957527160644531,60.45697021484375,74.96400451660156,61.57786979675293,74.54883346557617,14.507034301757812,125.77163696289062,44.88435363769531,66.72929382324219,178.80859375,67.8797103881836,172.2001708984375,112.07929992675781,90.57450866699219,49.88644790649414,27.485368728637695,147.1278076171875,27.983512687683106,143.4680404663086,119.64244079589844,shoulder_press_02.mp4,shoulder_press,0,30
123.01258850097656,52.78390884399414,36.84496307373047,179.48036193847656,43.72697067260742,176.0049819946289,142.63540649414062,118.709228515625,39.76889419555664,33.43831253051758,167.255615234375,65.65261459350586,161.6990203857422,133.8173065185547,144.16717529296875,3.261080741882324,140.18679809570312,150.0948486328125,140.5132034301758,148.9915023803711,9.908050537109375,124.43232727050781,2.460023880004883,118.48040008544922,128.42893981933594,120.4992057800293,127.23046875,9.948539733886719,99.3233413696289,4.720792293548584,92.11881256103516,107.02080535888672,93.11684875488281,106.05865783691407,14.901992797851562,72.89442443847656,8.879487991333008,60.45697021484375,87.40228271484375,61.57786979675293,86.10252838134765,26.9453125,142.353515625,32.18210220336914,85.93533325195312,178.80859375,89.0271987915039,173.41895141601563,92.87326049804688,104.19226837158203,40.05036926269531,33.1567497253418,147.1278076171875,42.009354782104495,143.4680404663086,113.97105407714844,shoulder_press_02.mp4,shoulder_press,15,45
60.70957565307617,32.830467224121094,33.10176086425781,152.49960327148438,34.106872940063475,114.28624649047853,119.39784240722656,71.91425323486328,26.09734344482422,33.43831253051758,139.90846252441406,49.51018447875977,121.16465377807617,106.47015380859375,150.27528381347656,4.9089179039001465,141.54551696777344,158.45870971679688,143.2745330810547,157.2460189819336,16.913192749023438,123.98612213134766,2.386536121368408,118.48040008544922,128.42893981933594,120.4992057800293,126.70598754882812,9.948539733886719,106.22423553466797,3.6857728958129883,99.22207641601562,111.48236083984375,100.40330352783204,110.61770629882812,12.260284423828125,83.7702865600586,6.500243186950684,65.53395080566406,90.17922973632812,74.61340026855468,89.77982330322266,24.645278930664062,107.98753356933594,28.77627944946289,85.63531494140625,177.15957641601562,86.20347518920899,159.05255584716798,91.52426147460938,60.242496490478516,27.137828826904297,33.1567497253418,126.0555648803711,39.127197647094725,106.42485580444337,92.89881896972656,shoulder_press_02.mp4,shoulder_press,30,60
96.35287475585938,57.24906539916992,33.10176086425781,179.1170654296875,34.106872940063475,172.9080581665039,146.0153045654297,93.12175750732422,38.47174835205078,46.94643783569336,142.86146545410156,49.935848236083984,140.55819091796874,95.91502380371094,157.08995056152344,4.073632717132568,148.6168975830078,163.73316955566406,151.0173812866211,162.64337158203125,15.11627197265625,123.01012420654297,2.331467628479004,117.7823715209961,125.92913055419922,118.93494110107422,125.36088638305664,8.146759033203125,116.77376556396484,8.72236442565918,105.52415466308594,132.55392456054688,107.60969009399415,127.98774490356446,27.029769897460938,90.8914566040039,3.506810188293457,85.5633544921875,97.84162902832031,86.06135177612305,96.20846405029297,12.278274536132812,131.35169982910156,38.38410949707031,85.63531494140625,177.76104736328125,86.33984985351563,175.38719787597657,92.125732421875,88.11849212646484,42.03717803955078,38.391544342041016,142.35142517089844,40.00014991760254,139.39761199951172,103.95988464355469,shoulder_press_02.mp4,shoulder_press,45,75
110.87890625,47.6324348449707,50.29399871826172,179.1170654296875,50.667656326293944,172.9080581665039,128.82305908203125,98.89217376708984,35.512569427490234,46.27198028564453,142.86146545410156,51.46517753601074,140.55819091796874,96.58948516845703,164.6204376220703,5.183024883270264,155.47653198242188,172.38381958007812,157.9469192504883,171.492529296875,16.90728759765625,118.88516998291016,3.4556145668029785,113.53714752197266,124.82241821289062,114.94172897338868,123.90583190917968,11.285270690917969,126.58763885498047,4.878604888916016,111.96664428710938,132.7167205810547,121.25524444580078,132.0950942993164,20.750076293945312,96.01228332519531,2.9860739707946777,90.36393737792969,101.12958526611328,91.9073989868164,100.01875610351563,10.765647888183594,145.2047882080078,26.749038696289062,100.47659301757812,177.76104736328125,105.9921890258789,175.38719787597657,77.28445434570312,106.5210189819336,26.012731552124023,67.72357177734375,142.35142517089844,73.33746490478515,139.39761199951172,74.62785339355469,shoulder_press_02.mp4,shoulder_press,60,90
61.24197769165039,24.14957046508789,39.52516555786133,141.65370178222656,42.78692398071289,87.974040222168,102.1285400390625,60.046653747558594,17.511337280273438,45.14392852783203,112.23558044433594,45.99481430053711,82.13101425170899,67.0916519165039,168.0725860595703,2.0606601238250732,164.42514038085938,172.38381958007812,165.96855926513672,171.492529296875,7.95867919921875,115.82723999023438,0.9932209253311157,113.53714752197266,117.7242431640625,114.63063583374023,117.08641738891602,4.187095642089844,126.42815399169922,3.02018404006958,122.1938247680664,132.7167205810547,123.19688568115234,131.69664306640624,10.522895812988281,99.56194305419922,2.103131055831909,95.32305145263672,102.89070892333984,96.33571166992188,102.28375778198242,7.567657470703125,111.71927642822266,19.11078453063965,90.8214340209961,162.2447509765625,91.93905868530274,136.19110107421875,71.4233169555664,75.96495056152344,15.78039836883545,59.60289764404297,121.87638092041016,59.88179588317871,93.37459182739259,62.27348327636719,shoulder_press_02.mp4,shoulder_press,75,105
98.17359924316406,51.71690368652344,39.52516555786133,170.19447326660156,42.78692398071289,165.650634765625,130.6693115234375,86.88259887695312,37.87665939331055,45.14392852783203,137.32272338867188,45.99481430053711,135.10585174560546,92.17879486083984,166.1684112548828,1.3194944858551025,163.58035278320312,168.00184631347656,164.0045364379883,167.64530181884766,4.4214935302734375,117.21676635742188,2.1444647312164307,114.46973419189453,120.61197662353516,114.78507995605469,120.51322402954102,6.142242431640625,125.6343994140625,2.5503485202789307,122.1938247680664,129.95880126953125,122.84973373413087,129.41604614257812,7.764976501464844,101.33202362060547,1.412231206893921,98.82052612304688,102.89070892333984,99.20276641845703,102.74522247314454,4.070182800292969,134.6719512939453,35.89402389526367,90.8214340209961,178.37008666992188,91.93905868530274,176.61473388671874,87.54865264892578,99.15177154541016,34.73338317871094,59.60289764404297,145.4037628173828,59.88179588317871,143.89142456054688,85.80086517333984,shoulder_press_02.mp4,shoulder_press,90,120
176.2864532470703,1.8233377933502197,172.98165893554688,179.5859832763672,173.7472137451172,178.3829315185547,6.6043243408203125,176.47561645507812,1.32431960105896,174.1645050048828,178.8033447265625,174.35541839599608,177.97036590576172,4.6388397216796875,45.60066223144531,7.154273509979248,38.13936233520508,59.56134796142578,38.34206428527832,57.502619171142584,21.421985626220703,40.442996978759766,7.106044292449951,32.968666076660156,53.95433807373047,33.4010684967041,52.277139282226564,20.985671997070312,56.936180114746094,16.718482971191406,38.44511795043945,88.53575897216797,39.238856887817384,82.3039405822754,50.090641021728516,57.9703254699707,14.731124877929688,41.85123062133789,86.8293685913086,42.32907333374023,81.54513778686524,44.9781379699707,127.93920135498047,2.9463613033294678,121.62471008300781,131.22434997558594,123.38841400146484,130.59796752929688,9.599639892578125,135.31353759765625,2.174919366836548,129.0697021484375,138.32701110839844,133.0475311279297,137.3677185058594,9.257308959960938,squats_01.mp4,squats,0,30
174.51083374023438,2.6790285110473633,168.25320434570312,179.47586059570312,170.40438385009764,177.0759750366211,11.22265625,177.21786499023438,1.234478235244751,175.1880645751953,179.49993896484375,175.47454223632812,178.9246566772461,4.3118743896484375,68.82829284667969,39.495704650878906,38.13936233520508,162.37391662597656,38.34206428527832,135.06516571044924,124.23455810546875,65.89418029785156,42.36583709716797,32.968666076660156,163.41549682617188,33.4010684967041,139.30054321289063,130.44683837890625,68.76165008544922,34.62458038330078,38.44511795043945,144.8652801513672,39.238856887817384,128.52320861816406,106.420166015625,70.2129898071289,33.661376953125,41.85123062133789,149.78717041015625,42.32907333374023,128.0486022949219,107.93594360351562,113.90814971923828,16.87740135192871,73.61199951171875,131.22434997558594,85.41050033569336,127.8898422241211,57.61235046386719,120.94002532958984,17.570343017578125,83.8122787475586,137.18113708496094,90.35931549072266,136.31578979492187,53.368858337402344,squats_01.mp4,squats,15,45
173.03033447265625,2.1954188346862793,168.25320434570312,176.90794372558594,169.90070190429688,175.3946731567383,8.654739379882812,177.60791015625,1.1312222480773926,175.48143005371094,179.49993896484375,176.0416061401367,178.97117462158204,4.0185089111328125,134.38951110839844,45.53924560546875,47.490638732910156,179.27395629882812,59.552407836914064,173.3271713256836,131.7833251953125,134.02935791015625,46.96684646606445,43.87050247192383,179.1602325439453,56.06324348449707,175.24866790771483,135.28973388671875,122.3622817993164,36.16590118408203,52.54287338256836,156.92848205566406,61.444430160522465,153.70941772460938,104.38560485839844,126.79714965820312,39.56504440307617,51.737674713134766,164.1764678955078,63.83231239318848,160.5021774291992,112.43879699707031,83.05121612548828,22.607946395874023,57.09479904174805,122.52703094482422,60.281328201293945,118.97853317260743,65.43223571777344,91.81410217285156,20.196361541748047,69.69259643554688,128.9225616455078,70.97988510131836,124.06820220947266,59.22996520996094,squats_01.mp4,squats,30,60
174.2069549560547,2.0964999198913574,169.76795959472656,179.51060485839844,171.7370361328125,176.78002166748047,9.742645263671875,177.13055419921875,1.5144802331924438,172.81211853027344,179.69480895996094,175.23262481689454,178.5967559814453,6.8826904296875,134.59951782226562,44.21011734008789,55.81282043457031,179.27395629882812,64.23135986328126,173.3271713256836,123.46113586425781,129.91664123535156,47.47086715698242,50.21944808959961,179.1602325439453,57.60313339233399,175.24866790771483,128.94078063964844,132.20404052734375,26.504587173461914,71.57083129882812,156.92848205566406,89.5910758972168,155.40181427001954,85.35765075683594,134.11334228515625,32.07694625854492,71.34514617919922,164.1764678955078,81.63656768798828,160.5021774291992,92.8313217163086,88.18818664550781,26.207069396972656,57.09479904174805,126.62599182128906,60.281328201293945,124.94002304077148,69.53118896484375,98.8616943359375,24.695514678955078,69.69259643554688,132.3583221435547,70.97988510131836,131.6231887817383,62.66572570800781,squats_01.mp4,squats,45,75
174.3314666748047,2.9123637676239014,167.79299926757812,179.51060485839844,170.07904968261718,177.87173156738282,11.717605590820312,175.83726501464844,1.7626763582229614,172.81211853027344,179.69480895996094,173.29976348876954,177.8379119873047,6.8826904296875,71.87232971191406,36.27872085571289,42.14630889892578,164.05751037597656,42.99807357788086,130.9844650268555,121.91120147705078,63.95060348510742,34.28589630126953,34.9993896484375,152.14857482910156,36.05253295898437,119.17519226074221,117.14918518066406,82.58153533935547,37.46455383300781,40.6226806640625,155.9933624267578,44.66631393432617,141.2155746459961,115.37068176269531,80.4730453491211,35.694339752197266,43.049625396728516,157.59609985351562,44.18406982421875,139.13658142089844,114.54647827148438,118.63894653320312,11.797225952148438,83.1460189819336,128.35752868652344,100.67867279052734,127.35278091430663,45.211509704589844,127.79500579833984,9.810385704040527,97.46221923828125,135.3214874267578,113.41132888793946,134.73079833984374,37.85926818847656,squats_01.mp4,squats,60,90
173.40904235839844,3.4371132850646973,167.71766662597656,179.21490478515625,168.49443359375,177.78970031738282,11.497238159179688,176.0056915283203,1.8866010904312134,172.8842315673828,179.72445678710938,173.3768051147461,178.2585205078125,6.8402252197265625,53.383914947509766,16.877906799316406,42.055381774902344,106.82518768310547,42.75100555419922,77.60014724731447,64.76980590820312,48.12418746948242,18.89507293701172,34.9993896484375,107.89888763427734,35.88160285949707,75.78363265991213,72.89949798583984,55.06723403930664,17.457048416137695,35.985233306884766,108.48531341552734,40.42951545715332,76.92962951660158,72.50007629394531,56.53476333618164,14.982131958007812,43.049625396728516,100.74465942382812,43.47949562072754,76.32375488281251,57.69503402709961,120.03678894042969,7.979481220245361,96.02119445800781,128.35752868652344,109.82105407714845,127.35278091430663,32.336334228515625,128.2449188232422,9.055964469909668,99.62657928466797,135.3214874267578,114.97449035644532,134.73079833984374,35.694908142089844,squats_01.mp4,squats,75,105
172.9859161376953,2.982227087020874,167.71766662597656,179.21490478515625,168.55111389160157,176.3850128173828,11.497238159179688,177.47067260742188,1.6076500415802002,173.33482360839844,179.72445678710938,175.04995880126953,178.86533203125,6.3896331787109375,109.09579467773438,51.37809753417969,42.055381774902344,177.9752197265625,43.11162757873535,169.18548583984375,135.91983032226562,108.23876953125,54.877933502197266,35.893455505371094,178.56837463378906,36.06624183654785,170.6183624267578,142.6749267578125,103.77261352539062,48.00162887573242,35.985233306884766,159.7543487548828,40.60752830505371,157.8857208251953,123.76911926269531,106.7355728149414,48.27558135986328,43.17848587036133,165.2672119140625,43.828128814697266,162.55791320800782,122.08872985839844,92.06486511230469,24.9982852935791,57.53115463256836,122.0228500366211,58.35948257446289,120.73399124145507,64.49169921875,99.66317749023438,25.21866798400879,65.2425537109375,131.02720642089844,66.47160873413085,130.5175582885742,65.78465270996094,squats_01.mp4,squats,90,120
144.03843688964844,25.546485900878906,93.8787612915039,178.70941162109375,102.40743789672851,174.4379638671875,84.83065032958984,141.09242248535156,19.643659591674805,104.83577728271484,167.4744873046875,116.20720443725585,166.30205688476562,62.638710021972656,52.011966705322266,17.786895751953125,5.810080528259277,80.01632690429688,36.34340343475342,73.57944030761719,74.20624542236328,77.72856140136719,25.833877563476562,50.019981384277344,145.81527709960938,52.92291145324707,112.94108276367189,95.79529571533203,34.145423889160156,22.155370712280273,5.96443510055542,83.20524597167969,9.386978435516358,66.55576477050782,77.24081420898438,63.97010040283203,33.41991424560547,24.49939727783203,142.1472930908203,36.95872497558594,125.12589263916016,117.64789581298828,37.85196304321289,5.342503070831299,28.33101463317871,48.66318893432617,31.711283683776855,44.625871658325195,20.33217430114746,58.670166015625,6.505887508392334,45.3244743347168,69.10577392578125,48.76009674072266,66.44291458129882,23.781299591064453,squats_02.mp4,squats,0,30
133.5708770751953,32.725685119628906,82.17518615722656,178.70941162109375,97.01558074951171,176.54124908447267,96.53422546386719,144.95932006835938,15.491154670715332,114.57396697998047,167.4744873046875,125.24262084960938,165.6938674926758,52.90052032470703,47.90913391113281,17.458003997802734,5.810080528259277,77.38677215576172,24.28455638885498,70.73945999145508,71.57669067382812,89.3429946899414,22.889968872070312,50.019981384277344,145.81527709960938,52.92291145324707,105.76766967773438,95.79529571533203,31.667951583862305,16.570175170898438,5.96443510055542,68.62429809570312,9.433282852172852,60.50312385559082,62.65986251831055,61.660152435302734,27.361902236938477,24.49939727783203,142.1472930908203,36.95872497558594,94.5279998779297,117.64789581298828,43.05854034423828,5.707267761230469,31.820098876953125,52.11207962036133,34.70367660522461,50.12166748046875,20.291980743408203,51.74165344238281,8.017236709594727,40.33839797973633,67.1113510131836,45.22975540161133,65.30354843139648,26.772953033447266,squats_02.mp4,squats,15,45
123.84437561035156,27.280126571655273,82.17518615722656,178.1087646484375,97.01558074951171,166.46753540039063,95.93357849121094,146.18783569335938,17.60478401184082,114.57396697998047,178.96334838867188,127.8173698425293,176.90588836669923,64.3893814086914,60.70612335205078,21.341596603393555,23.321578979492188,102.00643157958984,32.63900852203369,86.55849609375001,78.68485260009766,107.1412582397461,14.96462631225586,85.40521240234375,131.30740356445312,88.8530403137207,125.4821388244629,45.902191162109375,47.64381408691406,25.992616653442383,8.992653846740723,96.41374969482422,20.8753625869751,90.01319580078125,87.42109680175781,75.74775695800781,25.88480567932129,44.51707458496094,121.08126831054688,47.563150787353514,115.76262283325195,76.56419372558594,46.834651947021484,4.81146240234375,33.9298095703125,56.333587646484375,41.20490684509277,51.501912689208986,22.403778076171875,47.84578323364258,3.362858772277832,40.33839797973633,57.32347106933594,45.4212230682373,52.53682518005371,16.98507308959961,squats_02.mp4,squats,30,60
147.8678436279297,24.01449203491211,101.87873840332031,178.1454315185547,103.79463806152344,171.51910400390625,76.26669311523438,151.8231658935547,16.768503189086914,110.36334991455078,178.96334838867188,131.70624618530275,176.90588836669923,68.5999984741211,78.78512573242188,22.76306915283203,12.753632545471191,109.13887023925781,47.308775711059575,101.53926544189453,96.38523864746094,121.36784362792969,16.407094955444336,88.13142395019531,151.86941528320312,98.73780746459961,146.01548461914064,63.73799133300781,71.78459167480469,29.31836700439453,3.0553088188171387,104.50106048583984,26.32275524139405,99.23550338745117,101.44575500488281,101.8520736694336,27.256837844848633,44.51707458496094,145.24497985839844,55.79911003112793,129.915283203125,100.7279052734375,45.81413269042969,5.93922758102417,36.92575454711914,56.333587646484375,37.791673278808595,53.09207305908203,19.407833099365234,52.00211715698242,6.151477813720703,38.78411865234375,60.72677993774414,46.13428993225098,60.09710540771484,21.94266128540039,squats_02.mp4,squats,45,75
163.32754516601562,10.540548324584961,134.8981170654297,178.1454315185547,149.5899185180664,174.72076873779298,43.247314453125,147.79957580566406,15.24704360961914,110.36334991455078,168.45953369140625,128.6827537536621,166.83955993652344,58.09618377685547,53.942745208740234,35.93262481689453,1.3814018964767456,109.13887023925781,4.56572699546814,97.60606689453125,107.7574691772461,112.50215911865234,22.824962615966797,73.64863586425781,151.86941528320312,83.5307991027832,146.01548461914064,78.22077941894531,46.73530960083008,39.208274841308594,1.073378562927246,104.50106048583984,3.76508367061615,99.23550338745117,103.42768096923828,91.42704772949219,32.12998580932617,35.41896057128906,145.24497985839844,44.94939422607422,129.915283203125,109.82601928710938,43.08722686767578,6.179402828216553,34.77279281616211,55.720802307128906,36.94152336120605,51.97824249267578,20.948009490966797,47.18626403808594,8.84646987915039,37.92207717895508,60.72677993774414,38.744479751586915,60.09710540771484,22.804702758789062,squats_02.mp4,squats,60,90
